PageRank	Ids
0.001079595914711709	885605
0.000981673612045177	163075
0.0009475000256572358	41909
0.0009384392556536155	597621
0.0009365220665680538	537039
0.000855638712801698	551829
0.0008469478735841479	486980
0.0008309136317848086	846221
0.0008122699897318439	751384
0.0008072572669842322	384666