PageRank	Ids
0.0059918434400439285	486980
0.004285120313920418	285814
0.0040004407033794025	163075
0.003518770591048951	648543
0.003501153933001955	715883
0.0033530037148467476	555924
0.0033184237632299667	226374
0.0032396648963805234	828963
0.003115807124892178	846221
0.0028670034513681416	582219