PageRank	Ids
0.32454706832136704	0
0.3002013029682813	5
0.24391355866172854	4
0.22515097722621097	3
0.22515097722621097	2
0.22515097722621097	1
